曲名,収録CD,リリース年,タイアップ、備考,クレジット,タイプ
A・RA・SHI,A・RA・SHI | ARASHI NO.1(ICHIGO)-嵐は嵐を呼ぶ-,1999,フジテレビ系「バレーボールワールドカップ1999」イメージソング,作詞：J&T / 作曲・編曲：馬飼野康二,シングル
明日に向かって,A・RA・SHI,1999,フジテレビ系ドラマ「Vの嵐」主題歌,作詞：大塚雄三 / 作曲・編曲：馬飼野康二,カップリング
SUNRISE日本,SUNRISE日本/HORIZON | ARASHI NO.1(ICHIGO)-嵐は嵐を呼ぶ-,2000,フジテレビ系「プロ野球ニュース2000」テーマソング,作詞：F&T / 作曲：馬飼野康二 / 編曲：CHOKKAKU,シングル
HORIZON,SUNRISE日本/HORIZON,2000,第31回「春の高校バレー」テーマソング,作詞：TAKESHI / 作曲：谷本新,シングル
台風ジェネレーション,台風ジェネレーション | ARASHI NO.1(ICHIGO)-嵐は嵐を呼ぶ-,2000,フジテレビイベント「お台場どっと混む!」テーマソング/ブルボン「プチシリーズ」CMソング,作詞：久保田洋司 / 作曲：馬飼野康二,シングル
明日に向かって吠えろ,台風ジェネレーション,2000,シドニーオリンピック男子バレーボール最終予選テーマソング,作詞：久世まりあ / 作曲：谷本新 / 編曲：CHOKKAKU,カップリング
感謝カンゲキ雨嵐,感謝カンゲキ雨嵐 | ARASHI NO.1(ICHIGO)-嵐は嵐を呼ぶ-,2000,フジテレビ系ドラマ「涙をふいて」オープニングテーマ,作詞：戸沢暢美 / 作曲：馬飼野康二 / 編曲：CHOKKAKU,シングル
OK!ALL RIGHT!いい恋をしよう,感謝カンゲキ雨嵐,2000,,作詞：久保田洋司 / 作曲：谷本新 / 編曲：CHOKKAKU,カップリング
君のために僕がいる,君のために僕がいる,2001,森永乳業エスキモー「ピノ」CMソング,作詞：大倉浩平 / 作曲・編曲：馬飼野康二,シングル
はなさない!,君のために僕がいる,2001,,作詞：牧穂エミ / 作曲・編曲：長岡成貢,カップリング
時代,時代,2001,日本テレビ系ドラマ「金田一少年の事件簿」主題歌,作詞・作曲：TSUKASA / 編曲：CHOKKAKU,シングル
恋はブレッキー,時代,2001,TBS系「USO!?ジャパン」テーマソング,作詞：久世まりあ / 作曲：馬飼野康二 / 編曲：CHOKKAKU,カップリング
DANGAN-LINER,ARASHI NO.1(ICHIGO)-嵐は嵐を呼ぶ- | ウラ嵐マニア,2001,,作詞：TAKESHI / 作曲：谷本新 / 編曲：CHOKKAKU,アルバム
サワレナイ,ARASHI NO.1(ICHIGO)-嵐は嵐を呼ぶ- | ウラ嵐マニア,2001,,作詞：戸田暢美 / 作曲・編曲：庄野賢一,アルバム
愛と勇気とチェリーパイ,ARASHI NO.1(ICHIGO)-嵐は嵐を呼ぶ- | ウラ嵐マニア,2001,,作詞：戸田暢美 / 作曲・編曲：岩田雅之,アルバム
Deepな冒険,ARASHI NO.1(ICHIGO)-嵐は嵐を呼ぶ- | ウラ嵐マニア,2001,,作詞：戸田暢美 / 作曲：飯田建彦 / 編曲：CHOKKAKU,アルバム
helpless,ARASHI NO.1(ICHIGO)-嵐は嵐を呼ぶ- | ウラ嵐マニア,2001,,作詞：椎名祐生 / 作曲：ZAKI / 編曲：岩田雅之,アルバム
Oh Sunday,ARASHI NO.1(ICHIGO)-嵐は嵐を呼ぶ- | ウラ嵐マニア,2001,日本テレビ系ドラマ「史上最悪のデート」主題歌,作詞：戸田暢美 / 作曲：守山茂樹 / 編曲：宗像仁志,アルバム
野性を知りたい,ARASHI NO.1(ICHIGO)-嵐は嵐を呼ぶ- | ウラ嵐マニア,2001,ブルボン「プチシリーズ」CMソング,作詞：久保田洋司 / 作曲・編曲：ZAKI,アルバム
アレルギー,ARASHI NO.1(ICHIGO)-嵐は嵐を呼ぶ- | ウラ嵐マニア,2001,,作詞：TAKESHI / 作曲・編曲：岩田雅之,アルバム
ココロチラリ,ARASHI NO.1(ICHIGO)-嵐は嵐を呼ぶ- | ウラ嵐マニア,2001,日本マクドナルド「オイシサの嵐キャンペーン」CMソング,作詞：TAKESHI / 作曲・編曲：原一博,アルバム
a Day in Our Life,a Day in Our Life | HERE WE GO!,2002,TBS系ドラマ「木更津キャッツアイ」主題歌/映画「木更津キャッツアイ 日本シリーズ」「木更津キャッツアイ ワールドシリーズ」主題歌,作詞・作曲・編曲：SHUN・SHUYA,シングル
ナイスな心意気,ナイスな心意気 | HERE WE GO!,2002,フジテレビ系アニメ「こちら葛飾区亀有公園前派出所」エンディングテーマ,作詞：戸田暢美 / 作曲：飯田建彦 / 編曲：石塚知生,シングル
PIKA☆NCHI,PIKA☆NCHI | How's it going?,2002,映画「ピカ☆ンチ LIFE IS HARDだけどHAPPY」主題歌,作詞：相田毅 / 作曲：谷本新 / 編曲：CHOKKAKU,シングル
道,PIKA☆NCHI,2002,映画「ピカ☆ンチ LIFE IS HARDだけどHAPPY」挿入歌,作詞：河原雅彦 / 作曲・編曲：辻陽,カップリング
Theme of ARASHI,HERE WE GO!,2002,,"作詞：岩田雅之 / Rap詞：SHOW / 作曲・編曲：岩田雅之, Larry Hochman",アルバム
Easy Crazy Break Down,HERE WE GO!,2002,第33回「春の高校バレー」イメージソング,"作詞：戸沢暢美 / 作曲：Michael Clauss, Clas Wrigsell / 編曲：鈴木雅也",アルバム
君は少しも悪くない,HERE WE GO!,2002,,作詞：戸田暢美 / 作曲・編曲：岩田雅之,アルバム
Tokyo Lovers Tune Night,HERE WE GO!,2002,,"作詞：久保田洋司 / 作曲・編曲：Charles Hodgkinson, Sagat Guirey, Kirk Zavieh",アルバム
"ALL or NOTHING Ver,1.02",HERE WE GO! | ウラ嵐マニア,2002,,作詞：TAKESH AIDA / Rap詞：SHOW / 作曲・編曲：ZAKI,アルバム
眠らないカラダ,HERE WE GO!,2002,,"作詞：Tkaaki Amamoto / 作曲：Hiroshi Yamamoto / 編曲：Umito Yamamotokun, 安部潤",アルバム
君はいないから,HERE WE GO!,2002,,作詞：久保田洋司 / 作曲：寺田一郎 / 編曲：岩田雅之,アルバム
IROあせないで,HERE WE GO!,2002,森永乳業エスキモー「ピノ」CMソング,作詞：戸田暢美 / 作曲：飯田建彦 / 編曲：CHOKKAKU,アルバム
愛してると言えない,HERE WE GO!,2002,ブルボン「プチシリーズ」CMソング,作詞：戸田暢美 / 作曲・編曲：長岡成貢,アルバム
星のFreeWay,HERE WE GO!,2002,「ARASHI ファンツアー イン ハワイ」CMソング,作詞：比留間徹 / 作曲・編曲：ZAKI,アルバム
いま愛を語ろう,HERE WE GO!,2002,,作詞：六ツ見純代 / 作曲：飯田建彦 / 編曲：鈴木雅也,アルバム
WOW!!,HERE WE GO!,2002,,作詞・作曲・編曲：渡辺和紀,アルバム
とまどいながら,とまどいながら | How's it going?,2003,日本テレビ系ドラマ「よい子の味方～新米保育士物語～」主題歌,作詞・作曲・編曲：オオヤギヒロト,シングル
冬のニオイ,とまどいながら | ウラ嵐マニア,2003,,作詞・作曲：girls talk / 作曲：石塚知生,カップリング
君がいいんだ,とまどいながら | ウラ嵐マニア,2003,,作詞：戸田暢美 / Rap詞：SHOW / 作曲：清水昭男 / 編曲：宗像仁志,カップリング
コイゴコロ,とまどいながら | ウラ嵐マニア,2003,フジテレビ系「2003春の高校バレー」イメージソング,作詞・作曲：SILAS LEE / 編曲：安部潤,カップリング
ハダシの未来,ハダシの未来/言葉より大切なもの | いざッ、Now,2003,ザ コカ・コーラカンパニー「コカコーラ」CMソング,作詞・作曲：宮﨑歩 / 編曲：CHOKKAKU,シングル
言葉より大切なもの,ハダシの未来/言葉より大切なもの | いざッ、Now,2003,TBS系ドラマ「Stand Up!!」主題歌,作詞：TAKESHI / Rap詞：櫻井翔 / 作曲：飯田建彦 / 編曲：石塚知生,シングル
Crazy groundの王様,How's it going?,2003,,作詞：ma-saya / Rap詞：櫻井翔 / 作曲・編曲：大野宏明,アルバム
Lucky Man,How's it going? | 5×5 THE BEST SELECTION OF 2002←2004,2003,,作詞：尾崎雪絵 / Rap詞：櫻井翔 / 作曲：飯田建彦 / 編曲：大坪直樹,アルバム
身長差のない恋人,How's it going?,2003,,作詞：TAKESHI / 作曲・編曲：長岡成貢,アルバム
ONLY LOVE,How's it going?,2003,,"作詞：阿閉真琴 / 作曲：Ashley Cadell, BJ Caruama, John Collins / 編曲：石塚知生",アルバム
嵐のまえの静けさ,How's it going?,2003,,作詞：阿閉真琴 / 作曲：清水昭男 / 編曲：ha-j,アルバム
Blue,How's it going? | 5×5 THE BEST SELECTION OF 2002←2004,2003,,作詞・作曲：森元浩介 / 編曲：ha-j,アルバム
Walking in the rain,How's it going?,2003,,"作詞：SPIN / 作曲：Brian Hobbs, Jany Schella, Christian Svensson",アルバム
パレット,How's it going?,2003,,作詞：TAKESHI / Rap詞：櫻井翔 / 作曲・編曲：岩田雅之,アルバム
できるだけ,How's it going?,2003,,作詞：相田毅 / 作曲：森元康介 / 編曲：大坪直樹,アルバム
テ・アゲロ,How's it going?,2003,,作詞：久保田洋司 / 作曲：Patrick LIOTARD / 編曲：CHOKKAKU,アルバム
15th Moon,How's it going?,2003,,作詞：久保田洋司 / 作曲・編曲：Face 2 fAKE,アルバム
どんな言葉で,How's it going?,2003,,作詞・作曲・編曲：荒木真樹彦,アルバム
PIKA★★NCHI DOUBLE,PIKA★★NCHI DOUBLE | いざッ、Now,2004,映画「ピカ☆☆ンチ LIFE IS HARDだからHAPPY」主題歌,作詞：SPIN / Rap詞：櫻井翔 / 作曲：森元康介 / 編曲：石塚知生,シングル
五里霧中,PIKA★★NCHI DOUBLE | ウラ嵐マニア,2004,,作詞：久保田洋司 / Rap詞：櫻井翔 / 作曲：オオヤギヒロオ / 編曲：ha-j,カップリング
"道 DOUBLE Ver,",PIKA★★NCHI DOUBLE,2004,映画「ピカ☆☆ンチ LIFE IS HARDだからHAPPY」挿入歌,作詞：河原雅彦 / 作曲・編曲：辻陽,カップリング
瞳の中のGalaxy,瞳の中のGalaxy/Hero,2004,テレビ朝日系ドラマ「南くんの恋人」主題歌,作詞・作曲：藤井フミヤ / 編曲：CHOKKAKU,シングル
Hero,瞳の中のGalaxy/Hero,2004,日本テレビ系「2004 アテネオリンピック」イメージソング,作詞：SPIN / 作曲：谷本新 / 編曲：石塚知生,シングル
Hey Hey Lovin' You,瞳の中のGalaxy/Hero | ウラ嵐マニア,2004,,作詞：久世まりあ / 作曲：コモリタミノル / 編曲：CHOKKAKU,カップリング
JAM,いざッ、Now,2004,,"作詞：久保田洋司 / 作曲：Tobias Lindell, Joel Eriksson, Victor Wiszniewski / 編曲：岩田雅之",アルバム
The Bubble,いざッ、Now,2004,,"作詞：SPIN / Rap詞：櫻井翔 / 作曲：Peter Bjorklund, Joel Eriksson / 編曲：AKIRA",アルバム
Thank you for my days,いざッ、Now,2004,,作詞：TAKESHI / 作曲・編曲：岩田雅之,アルバム
EYES WITH DELIGHT,いざッ、Now,2004,,作詞：久保田洋司 / Rap詞：櫻井翔 / 作曲：コモリタミノル / 編曲：石塚知生,アルバム
RIGHT BACK TO YOU,いざッ、Now | 5×5 THE BEST SELECTION OF 2002←2004,2004,'04夏PARCOグランバザールCMソング,"作詞：SPIN / Rap詞：櫻井翔 / 作曲：Peter Bjorklund, Joel Eriksson / 編曲：ha-j",アルバム
RAINBOW,いざッ、Now,2004,,作詞：久保田洋司 / Rap詞：櫻井翔 / 作曲：コモリタミノル / 編曲：石塚知生,アルバム
優しくって少しバカ,いざッ、Now,2004,,作詞・作曲：井上貴志 / 編曲：ha-j,アルバム
Dear My Friend,いざッ、Now,2004,,作詞：小川貴史 / 作曲・編曲：関淳二郎,アルバム
君だけを想ってる,いざッ、Now,2004,,作詞：久保田洋司 / 作曲：馬飼野康二 / 編曲：大坪直樹,アルバム
チェックのマフラー,いざッ、Now,2004,,作詞：TAKESHI / 作曲：森元康介 / 編曲：岩田雅之,アルバム
途中下車,いざッ、Now | 5×5 THE BEST SELECTION OF 2002←2004,2004,,作詞：SPIN / 作曲：森元康介 / 編曲：岩田雅之,アルバム
La tormenta 2004,5×5 THE BEST SELECTION OF 2002←2004,2004,,作詞：ミウラタカシ / Rap詞：櫻井翔 / 作曲・編曲：吉岡たく,アルバム
スケッチ,スケッチ | ウラ嵐マニア,2004,,"作詞：二宮和也, 櫻井翔 / 作曲：二宮和也 / 編曲：ha-j, 櫻井翔, 二宮和也",アルバム
サクラ咲ケ,サクラ咲ケ | One,2005,城南予備校 CMソング,作詞：相田毅 / Rap詞：櫻井翔 / 作曲：谷本新 / 編曲：石塚知生,シングル
手つなごぉ,サクラ咲ケ | ウラ嵐マニア,2005,,作詞：樽木栄一郎 / 作曲・編曲：AKIRA,カップリング
WISH,WISH | ARASHIC,2005,TBS系ドラマ「花より男子」主題歌/静岡放送「みちブラっ!静岡十八番」エンディングテーマ,作詞：久保田洋司 / 作曲：オオヤギヒロオ / 編曲：CHOKKAKU,シングル
イチオクノホシ,WISH | ウラ嵐マニア,2005,,作詞：SPIN / 作曲：Kazz / 編曲：ha-j,カップリング
二人の記念日,WISH | ウラ嵐マニア,2005,,作詞・作曲：安田信二 / Rap詞：櫻井翔,カップリング
夏の名前,One,2005,,"作詞：hamai / Rap詞：櫻井翔 / 作曲：原田勝通 / 編曲：ha-j, 吉岡たく",アルバム
ROMANCE,One,2005,,作詞：HigherF / 作曲：ジョーイ・カボーン / 編曲：大坪直樹,アルバム
Lai-Lai-Lai,One,2005,,"作詞：SPIN / 作曲：磯崎健史 / 編曲：ha-j, 吉岡たく",アルバム
Days,One,2005,,作詞：北川暁 / 作曲：宮﨑歩 / 編曲：長岡成貢,アルバム
素晴らしき世界,One,2005,フジテレビ系「まごまご嵐」エンディングソング,"作詞：オーノカズナリ, SPIN / Rap詞：櫻井翔 / 作曲：宮下典由 / 編曲：石塚知生",アルバム
Yes? No?,One,2005,,作詞：相田毅 / Rap詞：櫻井翔 / 作曲：谷本新 / 編曲：石塚知生,アルバム
風見鶏,One,2005,,作詞・作曲：依田和夫 / 編曲：岩田雅之,アルバム
きっと大丈夫,きっと大丈夫 | ARASHIC,2006,ハウスウェルネスフーズ「C1000×嵐編」CMソング,作詞：SPIN / Rap詞：櫻井翔 / 作曲・編曲：Shinnosuke,シングル
春風スニーカー,きっと大丈夫 | ウラ嵐マニア,2006,花王「8×4パウダースプレー」CMソング,作詞：北川暁 / 作曲：Trevor Ingram / 編曲：CHOKKAKU,カップリング
NA! NA! NA!!,きっと大丈夫 | ウラ嵐マニア,2006,,作詞：SPIN / Rap詞：櫻井翔 / 作曲：飯田建彦 / 編曲：ha-j,カップリング
アオゾラペダル,アオゾラペダル | Time,2006,映画「ハチミツとクローバー」エンディングテーマ,作詞・作曲：スガシカオ / 編曲：石塚知生,シングル
Kissからはじめよう,アオゾラペダル | ウラ嵐マニア,2006,花王「8×4パウダースプレー」CMソング,作詞：youth case / 作曲：velvetronica / 編曲：ha-j,カップリング
夏の終わりに想うこと,アオゾラペダル | ウラ嵐マニア,2006,,作詞：小川貴史 / 作曲・編曲：上野浩司,カップリング
ランナウェイ・トレイン,ARASHIC,2006,,"作詞：SPIN / Rap詞：櫻井翔 / 作曲：Anthony Little, Rick Kelly / 編曲：鈴木雅也",アルバム
Raise Your Hands,ARASHIC,2006,,"作詞：SPIN / Rap詞：櫻井翔 / 作曲：Stefan Olsson, Tim Norell / 編曲：安部潤",アルバム
Ready To Fly,ARASHIC,2006,,作詞：masa-ya / 作曲：家原正樹 / 編曲：石塚知生,アルバム
キャラメル・ソング,ARASHIC,2006,,作詞：小川貴史 / 作曲：松下典由 / 編曲：高橋哲也,アルバム
COOL & SOUL,ARASHIC,2006,,作詞：SPIN / All Rap presented by 櫻井翔 / 作曲・編曲：吉岡たく,アルバム
旅立ちの朝,ARASHIC,2006,,"作詞：SPIN / 作曲・編曲：Shusui, Stefan Aberg, Fredrik Hult, Ola Larsson",アルバム
I Want Somebody,ARASHIC,2006,,"作詞：Axel G / 作曲・編曲：Shusui, Stefan Aberg, Fredrik Hult, Ola Larsson",アルバム
Secret Eyes,ARASHIC,2006,,作詞：Erykah / Rap詞：櫻井翔 / 作曲：Gajin / 編曲：岩田雅之,アルバム
超²ありがとう,ARASHIC,2006,,"作詞：Erykah / 作曲：Henrik Rongedal, Maguns Rongedal / 編曲：岩田雅之",アルバム
CARNIVAL NIGHT part2,ARASHIC,2006,,作詞：久保田洋司 / 作曲：上野浩司 / 編曲：長岡成貢,アルバム
シルバーリング,ARASHIC,2006,,作詞：山本成美 / 作曲：北川吟 / 編曲：若草恵,アルバム
LOVE PARADE,ARASHIC,2006,,"作詞：仲山卯月 / 作曲：土井瞬, 土岐健一 / 編曲：船山基紀",アルバム
Love so sweet,Love so sweet | Time,2007,TBS系ドラマ「花より男子2」主題歌/キリン「午後の紅茶」CMソング,作詞：SPIN / 作曲：youth case / 編曲：Mugen,シングル
いつまでも,Love so sweet | ウラ嵐マニア,2007,,作詞：SPIN / Rap詞：櫻井翔 / 作曲：多田慎也 / 編曲：ha-j,カップリング
ファイトソング,Love so sweet | ウラ嵐マニア,2007,日本テレビ系「Gの嵐!」公式応援歌,作詞：嵐 / 作曲：二宮和也 / 編曲：北川吟,カップリング
We can make it!,We can make it! | Time,2007,日本テレビ系ドラマ「バンビ～ノ!」主題歌,"作詞：UNITe / Rap詞：櫻井翔 / 作曲：Ander Wikstrom, Fredrik Thomander / 編曲：鈴木雅也",シングル
Di-Li-Li,We can make it! | ウラ嵐マニア,2007,ハウスウェルネスフーズ「C1000」CMソング/C1000×嵐'07キャンペーンソング,作詞・作曲：北川暁 / Rap詞：櫻井翔 / 編曲：鈴木雅也,カップリング
Future,We can make it! | ウラ嵐マニア,2007,,作詞・作曲：100+ / Rap詞：櫻井翔 / 編曲：ha-j,カップリング
Happiness,"Happiness | Dream""A""live",2007,TBS系ドラマ「山田太郎ものがたり」主題歌,作詞：Wonderland / 作曲：岡田実音 / 編曲：北川吟,シングル
Still...,Happiness | ウラ嵐マニア,2007,フジテレビ系「まごまご嵐」エンディングソング/TBS系「ひみつの嵐ちゃん!」最終回エンディング曲,作詞・作曲：多田慎也 / Rap詞：櫻井翔 / 編曲：NAOKI-T,カップリング
Snowflake,Happiness | ウラ嵐マニア,2007,,作詞：小川貴史 / 作曲・編曲：HYDRANT,カップリング
Oh Yeah!,Time,2007,ハウスウェルネスフーズ「C1000レモンウォーター」CMソング,作詞：UNITe / 作曲：オーノカズナリ / 編曲：北川吟,アルバム
WAVE,Time,2007,,作詞：UNITe / Rap詞：櫻井翔 / 作曲：Erik Lidbom / 編曲：安部潤,アルバム
Firefly,Time,2007,,作詞：Makoto ATOZI / Rap詞：櫻井翔 / 作曲・編曲：笹本安詞,アルバム
太陽の世界,Time,2007,,作詞・作曲：HYDRANT / Rap詞：櫻井翔 / 編曲：大坪直樹,アルバム
Carry on,Time,2007,,作詞：村野直球 / 作曲・編曲：岩田雅之,アルバム
ROCK YOU,Time,2007,,作詞：youth case / Rap詞：櫻井翔 / 作曲・編曲：Takuya Harada,アルバム
Cry for you,Time,2007,,"作詞：Axel G / Rap詞：櫻井翔 / 作曲：Jorge Ringqvist, Jakob Ringbom / 編曲：ha-j",アルバム
Love Situation,Time,2007,,作詞：はしもとみゆき / 作曲・編曲：Shinnosuke,アルバム
風,Time,2007,,作詞：SPIN / Rap詞：櫻井翔 / 作曲：多田慎也 / 編曲：NAOKI-T,アルバム
Be with you,Time,2007,,作詞・作曲：北浦正尚 / 編曲：ha-j,アルバム
LIFE,Time,2007,エイブル CMソング,作詞：みうらともかず / Rap詞：櫻井翔 / 作曲：オーノカズナリ / 編曲：石塚知生,アルバム
Everybody前進,Time,2007,,"作詞：久保田洋司 / 作曲・編曲：Shusui, Stefan Åberg",アルバム
Step and Go,"Step and Go | Dream""A""live",2008,フジテレビ系「GRA」エンディングテーマ,作詞：Wonderland / Rap詞：櫻井翔 / 作曲：youth case / 編曲：吉岡たく,シングル
冬を抱きしめて,Step and Go | ウラ嵐マニア,2008,,作詞：藤瀬聖・杉山勝彦 / 作曲：杉山勝彦 / 編曲：石塚知生 ,カップリング
One Love,One Love,2008,映画「花より男子F」主題歌,作詞：youth case / 作曲：加藤裕介 / 編曲：石塚知生,シングル
How to fly,One Love | ウラ嵐マニア,2008,,"作詞：UNITe / 作曲：R.P.P., Anderz Wrethov",カップリング
truth,truth/風の向こうへ,2008,TBS系ドラマ「魔王」主題歌,作詞・作曲：HYDRANT / 編曲：前口渉,シングル
風の向こうへ,truth/風の向こうへ,2008,日本テレビ系「GO!北京」テーマソング,"作詞：多田慎也 / Rap詞：櫻井翔 / 作曲：Pippi Svensson, Ander Dannvik / 編曲：Hans Johnson",シングル
スマイル,truth/風の向こうへ | ウラ嵐マニア,2008,ハウス食品「とんがりコーン」嵐スケートボード編CMソング,"作詞・作曲：Erik Lidbom, youth case / 編曲：北川吟",カップリング
Beautiful days,Beautiful days,2008,TBS系ドラマ「流星の絆」主題歌,作詞・作曲：Takuya Harada / 編曲：ha-j,シングル
僕が僕のすべて,Beautiful days | ウラ嵐マニア,2008,au by KDDI「au BOX」CMソング,作詞：100+ / 作曲・編曲：加藤裕介,カップリング
忘れられない,Beautiful days | ウラ嵐マニア,2008,,作詞：Arika / 作曲：HIKARI / 編曲：佐々木博史,カップリング
Move your body,"Dream""A""live",2008,,作詞：HYDRANT / Rap詞：櫻井翔 / 作曲：Mike Rose / 編曲：ha-j,アルバム
虹の彼方へ,"Dream""A""live",2008,,作詞：みうらともかず / Rap詞：櫻井翔 / 作曲：吉川慶 / 編曲：鈴木雅也,アルバム
Do my best,"Dream""A""live",2008,NHK総合「グッと!スポーツ」テーマ曲,作詞・作曲：youth case / 編曲：ha-j,アルバム
シリウス,"Dream""A""live",2008,,作詞：UNITe / 作曲：小林建樹 / 編曲：石塚知生,アルバム
Flashback,"Dream""A""live",2008,,作詞：小川貴史 / Rap詞：櫻井翔 / 作曲：今井晶規 / 編曲：安部潤,アルバム
Dive into the future,"Dream""A""live",2008,,"作詞：UNITe / 作曲：Mattias Hakansson, Carl Utbult, Anton Malmberg / 編曲：岩田雅之",アルバム
声,"Dream""A""live",2008,,作詞：小川貴史 / 作曲：多田慎也 / 編曲：NAOKI-T,アルバム
My Answer,"Dream""A""live",2008,,作詞：作曲・編曲：笹本安詞 / Rap詞：櫻井翔,アルバム
Life goes on,"Dream""A""live",2008,,作詞：多田慎也 / 作曲・編曲：岩田雅之,アルバム
YOUR SONG,"Dream""A""live",2008,観光立国ナビゲーター 観光大使 Arashi Message from Japan CMソング,作詞・作曲：杉山勝彦 / 編曲：高橋哲也,アルバム
Once Again,"Dream""A""live",2008,,"作詞：Wonderland / Rap詞：櫻井翔 / 作曲：Alfred Tuohey, Thanh Bui / 編曲：CHOKKAKU",アルバム
Re(mark)able,ARASHI IS ALIVE! | All the BEST! 1999-2009 | ウラ嵐マニア,2008,,作詞：R.P.P / All Rap presented by 櫻井翔 / 作曲・編曲：吉岡たく,アルバム
Green,ウラ嵐マニア,2008,日本テレビ系「ズームイン!!SUPER×NEWS ZERO Touch! eco 2009」テーマソング,作詞：嵐 / 作曲：youth case / 編曲：ha-j,アルバム
COOL & SOUL for DOME07,Step and Go『Special Cu[9]bic Box』,2008,,作詞：SPIN / All Rap presented by 櫻井翔 / 作曲・編曲：吉岡たく,カップリング
Believe,Believe/曇りのち、快晴,2009,映画「ヤッターマン」主題歌,作詞・作曲：100+ / Rap詞：櫻井翔 / 編曲：吉岡たく,シングル
トビラ,Believe/曇りのち、快晴 | ウラ嵐マニア,2009,,作詞：Makoto ATOZI / 作曲：多田慎也 / 編曲：NAOKI-T,カップリング
明日の記憶,明日の記憶/Crazy Moon～キミ・ハ・ムテキ～,2009,日本テレビ系ドラマ「ザ・クイズショウ」主題歌,"作詞・作曲：平義隆 / 編曲：石塚知生, 佐々木博史",シングル
Crazy Moon～キミ・ハ・ムテキ～,明日の記憶/Crazy Moon～キミ・ハ・ムテキ～,2009,コーセー「エスプリーク・プレシャス」CMソング,作詞：Soluna / 作曲・編曲：HYPER SLIPPER,シングル
5×10,All the BEST! 1999-2009,2009,,作詞：嵐 / 作曲：youth case / 編曲：ha-j,アルバム
Attack it!,All the BEST! 1999-2009,2009,,作詞：SHUN / Rap詞：櫻井翔 / 作曲：吉岡たく,アルバム
Everything,Everything | 僕の見ている風景,2009,au by KDDI「もし僕らが、嵐でなかったら。去年の違う夏。」CMソング,作詞：100+ / 作曲：Shingo Asari / 編曲：ISB,シングル
season,Everything | ウラ嵐マニア,2009,au by KDDI「もし僕らが、嵐でなかったら。」CMソング,作詞・作曲：youth case / 編曲：石塚知生,カップリング
マイガール,マイガール | 僕の見ている風景,2009,テレビ朝日系ドラマ「マイガール」主題歌,作詞：Wonderland / 作曲：多田慎也 / 編曲：NAOKI-T,シングル
時計じかけのアンブレラ,マイガール | ウラ嵐マニア,2009,フジテレビ系ドラマ「0号室の客」主題歌,"作詞：Sean-D / Rap詞：櫻井翔 / 作曲：Fredrik Hult, Robin Fredriksson, Mattias Larsson / 編曲：Hisashi Nawata, Fredrik Hult, Robin Fredriksson, Mattias Larsson",カップリング
スーパーフレッシュ,マイガール | ウラ嵐マニア,2009,,"作詞：Shigeo, Shun / 作曲・編曲：Shigeo",カップリング
Troublemaker,Troublemaker | 僕の見ている風景,2010,TBS系ドラマ「特上カバチ!!」主題歌,作詞：H.Suzuki / 作曲：Masashi Ohtsuki / 編曲：ha-j,シングル
揺らせ、今を,Troublemaker | ウラ嵐マニア,2010,日本テレビ系「ズームイン!!SUPER」冬のテーマソング/バンクーバーオリンピック中継テーマソング,作詞・作曲・編曲：100+,カップリング
もう一歩,Troublemaker | ウラ嵐マニア,2010,,作詞・作曲・編曲：sts,カップリング
Monster,Monster | 僕の見ている風景,2010,日本テレビ系ドラマ「怪物くん」/映画「映画 怪物くん」主題歌,"作詞：UNIte, Sean-D / 作曲：CHI-MEY / 編曲：Taku Yoshioka, Hirofumi Sasaki",シングル
スパイラル,Monster | ウラ嵐マニア,2010,,作詞：小川貴史 / Rap詞：櫻井翔 / 作曲：三留一純 / 編曲：ha-j,カップリング
To be free,To be free | Beautiful World,2010,アサヒ飲料「三ツ矢サイダー」CMソング,"作詞：Soluna / 作曲：Samuel Waermo, Octobar / 編曲：Samuel Waermo, 吉岡たく",シングル
Løve Rainbow,Løve Rainbow | Beautiful World,2010,フジテレビ系ドラマ「夏の恋は虹色に輝く」主題歌,"作詞：furaha, Octobar / 作曲：iiiSAK, Dyce Taylor / 編曲：ha-j",シングル
over,Løve Rainbow | ウラ嵐マニア,2010,,作詞：みうらともかず / 作曲：HIKARI / 編曲：佐々木博史,カップリング
Dear Snow,Dear Snow | Beautiful World,2010,映画「大奥」主題歌,"作詞：伊織, ISHU / 作曲：Kohsuke Ohshima / 編曲：宮野幸子, 吉岡たく",シングル
タイムカプセル,Dear Snow | ウラ嵐マニア,2010,,作詞・作曲・編曲：SIX,カップリング
果てない空,果てない空 | Beautiful World,2010,フジテレビ系ドラマ「フリーター、家を買う。」主題歌,作詞・作曲：QQ / 編曲：ha-j,シングル
STORY,果てない空 | ウラ嵐マニア,2010,,"作詞：小川貴史, alt / 作曲：オオバコウスケ / 編曲：吉岡たく",カップリング
maboroshi,果てない空 | ウラ嵐マニア,2010,,作詞・作曲：小林健樹 / 編曲：宮野幸子,カップリング
あの日のメリークリスマス,果てない空 | ウラ嵐マニア,2010,,作詞：Soluna / 作曲：Takuya Harada / 編曲：佐々木博史,カップリング
movin' on,僕の見ている風景,2010,JAL「感謝を行動に」CMソング/JAL「嵐ジェット」テーマソング,"作詞：みうらともかず, 小川貴史 / Rap詞：櫻井翔 / 作曲：Dr Hardcastle, Dice Taylor, youwhich / 編曲：youwhich",アルバム
マダ上ヲ,僕の見ている風景,2010,,"作詞：小川貴史, HYDRANT / Rap詞：櫻井翔 / 作曲：Dapo Torimiro, Drew Ryan Scott / 編曲：吉岡たく, 佐々木博史",アルバム
リフレイン,僕の見ている風景,2010,,作詞・作曲・編曲：R.P.P.,アルバム
サーカス,僕の見ている風景,2010,,"作詞：Soluna / 作曲：iiiSAK, HYDRANT / 編曲：youwhich",アルバム
ギフト,僕の見ている風景,2010,,作詞・作曲：作田雅弥 / 編曲：ha-j,アルバム
let me down,僕の見ている風景,2010,,作詞・作曲・編曲：田中直 / Rap詞：櫻井翔,アルバム
Don't Stop,僕の見ている風景,2010,,作詞：伊那村さちこ / 作曲：三留一純 / 編曲：Dr Hardcastle,アルバム
むかえに行くよ,僕の見ている風景,2010,,作詞・作曲・編曲：マシコタツロウ,アルバム
空高く,僕の見ている風景,2010,フジテレビ系ドラマ「最後の約束」主題歌,作詞：Sean-D / Rap詞：櫻井翔 / 作曲：Yuichi Yagi / 編曲：Hisashi Nawata,アルバム
kagerô,僕の見ている風景,2010,,作詞：Soluna / 作曲：小林健樹 / 編曲：ha-j,アルバム
Summer Splash!,僕の見ている風景,2010,JAL「JALわくわくアロハ計画2010」編 CMソング,作詞・作曲・編曲：The仙台セピア / Rap詞：櫻井翔,アルバム
Lotus,Lotus | Beautiful World,2011,テレビ朝日系ドラマ「バーテンダー」主題歌,"作詞：Soluna / 作曲：iiiSAK, HYDRANT / 編曲：佐々木博史, iiiSAK",シングル
ever,Lotus | ウラ嵐マニア,2011,,"作詞：作田雅弥, alt / 作曲：大島こうすけ / 編曲：石塚知生",カップリング
Boom Boom,Lotus | ウラ嵐マニア,2011,,"作詞：100+ / Rap詞：櫻井翔 / 作曲：Erik Lidbom, Jon Hällgren / 編曲：吉岡たく",カップリング
迷宮ラブソング,迷宮ラブソング | Popcorn,2011,フジテレビ系ドラマ「謎解きはディナーのあとで」主題歌/映画「映画 謎解きはディナーのあとで」主題歌,"作詞：伊織 / 作曲：iiiSAK, Dyce Taylor / 編曲：Trevor Ingram",シングル
消えぬ想い,迷宮ラブソング | ウラ嵐マニア,2011,,"作詞：alt / 作曲・編曲：市川喜康, マシコタツロウ, ha-j",カップリング
"together, forever",迷宮ラブソング | ウラ嵐マニア,2011,,作詞・作曲：100+ / 編曲：佐々木博史,カップリング
うたかた,迷宮ラブソング | ウラ嵐マニア,2011,,"作詞：R.P.P. / Rap詞：櫻井翔 / 作曲：youwhich, Dyce Taylor / 編曲：youwhich",カップリング
wanna be...,迷宮ラブソング | ウラ嵐マニア,2011,,"作詞：伊織, Soluna / 作曲：大島こうすけ / 編曲：吉岡たく",カップリング
Rock this,Beauitful World,2011,,"作詞：100+ / Rap詞：櫻井翔 / 作曲：Dele Ladimeji, Paul Boddy / 編曲：吉岡たく",アルバム
まだ見ぬ世界へ,Beauitful World,2011,,"作詞：Soluna / Rap詞：櫻井翔 / 作曲：R.P.P., iiiSAK / 編曲：iiiSAK, 吉岡たく",アルバム
always,Beauitful World,2011,,"作詞：100+ / 作曲：Dyce Taylor, Andreas Johansson / 編曲：youwhich",アルバム
"虹のカケラ～no rain, no rainbow～",Beauitful World,2011,,"作詞：Osami, Octobar / 作曲：Carl Utbult, Chris Meyer, Taisho / 編曲：石塚知生",アルバム
Joy,Beauitful World,2011,,"作詞：小川貴史, alt / Rap詞：櫻井翔 / 作曲：Duke Ashton, Sherrie Ashton / 編曲：石塚知生",アルバム
negai,Beauitful World,2011,,"作詞：furaha / 作曲：iiiSAK, Dyce Taylor / 編曲：宮野幸子, iiiSAK",アルバム
morning light,Beauitful World,2011,,"作詞：UNIte, Soluna / 作曲：Curly, Octobar / 編曲：Samuel Waermo, 吉岡たく",アルバム
遠くまで,Beauitful World,2011,JAL「嵐、JALで、夏旅。」CMソング,"作詞：小川貴史 / 作曲：Erik Lidbom, Dyce Taylor / 編曲：佐々木博史",アルバム
エナジーソング～絶好調超!!!!～,Beauitful World(セブンネットオリジナル盤),2011,,"作詞：嵐 / Rap詞：櫻井翔 / 作曲：二宮和也 / 編曲：ha-j, 二宮和也",アルバム
ワイルド アット ハート,ワイルド アット ハート | Popcorn,2012,フジテレビ系ドラマ「ラッキーセブン」主題歌,"作詞：Soluna / 作曲：Chris Janey, Junior Jokinen / 編曲：Trevor Ingram",シングル
How Can I Love,ワイルド アット ハート | ウラ嵐マニア,2012,,"作詞：Octobar / 作曲：iiiSAK, Anto Lindsjo / 編曲：ha-j",カップリング
ついておいで,ワイルド アット ハート | ウラ嵐マニア,2012,,"作詞：Mi-n / 作曲：iiiSAK, Anto Lindsjo / 編曲：ha-j",カップリング
ふたりのカタチ,ワイルド アット ハート | ウラ嵐マニア,2012,,作詞：須藤まゆみ / Rap詞：櫻井翔 / 作曲：三留一純 / 編曲：石塚知生,カップリング
Face Down,Face Down | Popcorn,2012,フジテレビ系ドラマ「鍵のかかった部屋」主題歌,"作詞：eltvo / Rap詞：櫻井翔 / 作曲：Albi Albertsson, Royce.H, Vincent Stein, Kontantin Scherer / 編曲：metropolitan digital clique, Vincent Stein, Kontantin Scherer",シングル
ひとりじゃないさ,Face Down | ウラ嵐マニア,2012,,作詞：Task / 作曲：Shingo Asari / 編曲：Hirofumi Sasaki,カップリング
目指した未来へ,Face Down | ウラ嵐マニア,2012,,"作詞：Mi-n, alleztune / 作曲・編曲：HIKARI",カップリング
Your Eyes,Your Eyes | Popcorn,2012,日本テレビ系ドラマ「三毛猫ホームズの推理」主題歌,"作詞：hs / 作曲：Chris Janey, Max Grant / 編曲：Tomoki Ishizuka",シングル
君がいるから,Your Eyes | ウラ嵐マニア,2012,,作詞・作曲：eltvo / 編曲：Taku Yoshioka,カップリング
花火,Your Eyes | ウラ嵐マニア,2012,,"作詞・作曲：Tatsuro Mashiko / 編曲：Sachiko Miyano, Tatsuto Mashiko",カップリング
voice,Your Eyes | ウラ嵐マニア,2012,,作詞：alt / 作曲：TAKAMASA SEGI / 編曲：Hirofumi Sasaki,カップリング
Welcome to our party,Popcorn,2012,,"作詞：Soluna, Shun / Rap詞：櫻井翔 / 作曲：Stephan Elfgran, Conor Edwards, Junior Jokinen / 編曲：吉岡たく",アルバム
駆け抜けろ!,Popcorn,2012,日産自動車「セレナS-HYBRID」CMソング,"作詞：S-Tnk / 作曲：Takuya Harada, Samuli Laiho, Ressi Levanto / 編曲：石塚知生",アルバム
Waiting for you,Popcorn,2012,,"作詞：Soluna / 作曲：Octobar, iiiSAK / 編曲：吉岡たく, 宮野幸子",アルバム
旅は続くよ,Popcorn,2012,,"作詞：furaha / Rap詞：櫻井翔 / 作曲：curly, youwhich / 編曲：youwhich",アルバム
Cosmos,Popcorn,2012,,"作詞：pause, eltvo / Rap詞：櫻井翔 / 作曲：Erik Lidbom / 編曲：佐々木博史",アルバム
証,Popcorn,2012,日本テレビ系「ロンドン2012」テーマソング,作詞・作曲：QQ / 編曲：ha-j,アルバム
Up to you,Popcorn,2012,,"作詞：伊織, 100+ / Rap詞：櫻井翔 / 作曲：Wet disk, Christofer Erixon, Joakim Bjömberg / 編曲：metropolitan digital clique",アルバム
Calling,Calling/Breathless | LOVE,2013,フジテレビ系ドラマ「ラストホープ」主題歌,"作詞：s-Tnk, eltvo / 作曲：Andreas Johansson, youwhich / 編曲：石塚知生",シングル
Breathless,Calling/Breathless | LOVE,2013,映画「プラチナデータ」主題歌,"作詞：HYDRANT / 作曲：Takuya Harada, Christofer Erixon, Joakim Björnberg / 編曲：佐々木博史",シングル
オーライ!!,Calling/Breathless,2013,,"作詞：Soluna / 作曲：Fredrik ""Figge"" Boström / 編曲：Trevor Ingram",カップリング
full of love,Calling/Breathless,2013,,"作詞：Shun, R.P.P. / 作曲：Dr.hardcastle, Iggy Strange-Dahl / 編曲：吉岡たく",カップリング
Endless Game,Endless Game | LOVE,2013,フジテレビ系ドラマ「家族ゲーム」主題歌,"作詞：100+ / 作曲：Chris Janey, Dyce Taylor / 編曲：2H, Chris Janey",シングル
Magic hour,Endless Game,2013,,"作詞：s-Tnk / 作曲：HJ &Co, Ryumei Odagi / 編曲：吉岡たく",カップリング
Intergalactic,Endless Game,2013,,"作詞：Octobar / 作曲：Stephan Elfgren, eltvo / 編曲：Stephan Elfgren",カップリング
モノクロ,Endless Game,2013,,"作詞：みうらともかず / 作曲：GK / 編曲：GK, 佐々木博史",カップリング
愛を歌おう,LOVE,2013,,"作詞：SQUAREF, mfmsiQ, John World / Rap詞：櫻井翔 / 作曲：Benny Jansson / 編曲：佐々木博史",アルバム
サヨナラのあとで,LOVE,2013,,"作詞：R.P.P. / 作曲：MiNE, Atsushi Shimada, Fredrilk Samsson / 編曲：吉岡たく",アルバム
CONFUSION,LOVE,2013,,"作詞：Shigeo, Macoto56 / 作曲：Joe Killington, Katerina Bramley, Tim Worithington, Michael Conn / 編曲：石塚知生",アルバム
P・A・R・A・D・O・X,LOVE,2013,,"作詞：AKIRA, H&Co., SQUAREF, s-Tnk / Rap詞：櫻井翔 / 作曲：James Bird, Olly Goodman, Michael Duke, Emma Rohan / 編曲：A.K.Janeway, 吉岡たく, James Bird, Olly Goodman, Michael Duke, Emma Rohan",アルバム
Rock Tonight,LOVE,2013,,作詞・作曲：100+ / 編曲：BJ Khan,アルバム
Starlight kiss,LOVE,2013,,"作詞：AKIRA, s-Tnk / Rap詞：櫻井翔 / 作曲：Fredrik ""Figge"" Boström, 川口進 / 編曲：川口進",アルバム
FUNKY,LOVE,2013,,"作詞：mfmsiQ, s-Tnk、作曲：BJ Khan, Takuya Harada, Joakim Bjornberg, Christofer Erixon / 編曲：BJ Khan",アルバム
Tears,LOVE,2013,,"作詞：小川貴史, SQUAREF / 作曲：加藤裕介 / 編曲：BJ Khan",アルバム
Bittersweet,Bittersweet | THE DIGITALIAN,2014,フジテレビ系ドラマ「失恋ショコラティエ」主題歌,作詞・作曲：100+ / 編曲：石塚知生,シングル
Road to Glory,Bittersweet,2014,日本テレビ系「ソチ2014」テーマソング,作詞：s-Tnk / 作曲：川口進 / 編曲：ha-j,カップリング
Sync,Bittersweet,2014,,作詞：小川貴史 / Rap詞：櫻井翔 / 作曲：U-Key zone / 編曲：吉岡たく,カップリング
もっと、いまより,Bittersweet,2014,,作詞・作曲：youth case / 編曲：BJ Khan,カップリング
GUTS!,GUTS! | THE DIGITALIAN,2014,日本テレビ系ドラマ「弱くても勝てます〜青志先生とへっぽこ高校球児の野望〜」主題歌,"作詞：eltvo, s-Tnk / 作曲：SAKRA / 編曲：石塚知生",シングル
Fly,GUTS!,2014,,作詞：HYDRANT / 作曲：YASUSHI WATANABE / 編曲：吉岡たく,カップリング
君が笑えるように,GUTS!,2014,,"作詞：KOSH, Macoto56 / 作曲：KOSH / 編曲：ha-j",カップリング
Love Wonderland,GUTS!,2014,,"作詞：AKIRA / 作曲・編曲：AKIRA, UTA",カップリング
誰も知らない,誰も知らない | THE DIGITALIAN,2014,テレビ朝日系ドラマ「死神くん」主題歌,"作詞：mfmsiQ, SQUAREF, John World, 作田雅弥 / 作曲：TAKUYA HARADA, Joakim Bjornberg, Christofer Erixon, BJ khan / 編曲：佐々木博史, BJ Khan",シングル
おかえり,誰も知らない,2014,,作詞・作曲：鈴木勝彦 / 編曲：石塚知生,カップリング
Keep on tryin',誰も知らない,2014,,"作詞・作曲：GK, TOM / 編曲：GK",カップリング
ミラクル・サマー,誰も知らない,2014,,"作詞：Macoto56 / 作曲：Christofer Erixon, Joakim Bjornberg, 川口進 / 編曲：metropolitan digital clique",カップリング
Zero-G,THE DIGITALIAN,2014,,"作詞：梶ヶ谷翔太, eltvo / 作曲：Takuya Harada / 編曲：石塚知生",アルバム
Wonderful,THE DIGITALIAN,2014,,"作詞：ASIL, Masa Fujise, John World, SQUAREF / 作曲：James Winchester, Peter Boyes, Christopher Wortley / 編曲：Slice of Life",アルバム
Tell me why,THE DIGITALIAN,2014,,"作詞：SQUAREF, mfmsiQ, John World / Rap詞：櫻井翔 / 作曲：Andreas Johansson, STEVEN LEE / 編曲：A.K.Janeway",アルバム
Asterisk,THE DIGITALIAN,2014,,作詞・作曲・編曲：100+ / Rap詞：櫻井翔,アルバム
TRAP,THE DIGITALIAN,2014,,"作詞：AKIRA / 作曲：AKIRA, UTA / 編曲：吉岡たく",アルバム
キミの夢を見ていた,THE DIGITALIAN,2014,,作詞・作曲：HYDRANT / 編曲：佐々木博史,アルバム
One Step,THE DIGITALIAN,2014,,作詞：s-Tnk / 作曲：Mats Tarnfors / 編曲：佐々木博史,アルバム
Hope in the darkness,THE DIGITALIAN,2014,,"作詞：小川貴史, HYDRANT / 作曲：David Keiffer Johnston, Wesley Steed, Sigurdur Kristinn Sigtryggsson pka Siggi / 編曲：metropolitan digital clique, A-bee",アルバム
Take Off!!!!!,THE DIGITALIAN,2014,,作詞：櫻井翔 / 作曲・編曲：Stephan Elfgren,アルバム
Sakura,Sakura | Japonism,2015,TBS系ドラマ「ウロボロス〜この愛こそ、正義。」主題歌,作詞・作曲：eltvo / 編曲：佐々木博史,シングル
Rise and Shine,Sakura,2015,,"作詞：100+, mfmsiQ, John World / 作曲：Erik Lidbom, youwhich / 編曲：石塚知生",カップリング
同じ空の下で,Sakura,2015,,作詞・作曲・編曲：Trevor Ingram,カップリング
more and more,Sakura,2015,,"作詞：HYDRANT / 作曲：Daniel Sherman, Katerina Bramley, Robert Hanna / 編曲：吉岡たく",カップリング
青空の下、キミのとなり,青空の下、キミのとなり | Japonism,2015,フジテレビ系ドラマ「ようこそ、わが家へ」主題歌,"作詞：wonder note, s-Tnk / 作曲：Gigi, wonder note / 編曲：metoropolitan digital clique",シングル
Dandelion,青空の下、キミのとなり,2015,,"作詞：ASIL, Macoto56 / 作曲：AKJ & ASIL / 編曲：A.K．Janeway",カップリング
この手のひらに,青空の下、キミのとなり,2015,,"作詞：佐伯youthK, SQUAREF, John World / 作曲：Supercharge, 佐伯youthK / 編曲：吉岡たく",カップリング
何度だって,青空の下、キミのとなり,2015,,作詞・作曲・編曲：youth case,カップリング
愛を叫べ,愛を叫べ | Are You Happy?,2015,リクルート ゼクシィ CMソング ,"作詞・作曲：100+ / 編曲：100+, 佐々木博史",シングル
ユメニカケル,愛を叫べ,2015,JAL2015キャンペーンソング/JAL「JAL FLY to 2020」CMソング,"作詞：古川貴浩, 小川貴史, John World / 作曲：古川貴浩 / 編曲：ha-j",カップリング
Mr.Lonely,愛を叫べ,2015,,"作詞：Pink Wolf, Trevor Ingram / 作曲：Trevor Ingram, kanata Okajima, Stephen Rudden / 編曲：Trevor Ingram, A.K.Janeway",カップリング
It's good to be bad,愛を叫べ,2015,,"作詞：Shigeo, eltvo / 作曲：Gigi, wonder note / 編曲：Octobar",カップリング
I say,愛を叫べ,2015,,"作詞：みうらともかず / 作曲：sk-etch, BERT, ROLF / 編曲：sk-etch",カップリング
心の空,Japonism,2015,,作詞・作曲・編曲：布袋寅泰 / Rap詞：櫻井翔,アルバム
君への想い,Japonism,2015,,"作詞：wonder note, Macoto56 / Rap詞：櫻井翔 / 作曲：wonder note / 編曲：石塚知生",アルバム
miyabi-night,Japonism,2015,,"作詞：Macoto56, AKJ & ASIL / 作曲：AKJ & ASIL / 編曲：A.K.Janeway",アルバム
三日月,Japonism,2015,,作詞：youth case / 作曲・編曲：A-bee,アルバム
Bolero!,Japonism,2015,,作詞・作曲：SAKRA / 編曲：Slice of Life,アルバム
イン・ザ・ルーム,Japonism,2015,,作詞：小川貴史 / Rap詞：櫻井翔 / 作曲・編曲：Jeremy Hammond,アルバム
マスカレード,Japonism,2015,,作詞・作曲：HYDRANT / 編曲：船山基紀,アルバム
伝えたいこと,Japonism,2015,,"作詞：ASIL, s-Tnk / 作曲： Fredrik ""Figge"" Boström, Susumu Kawaguchi / 編曲：pieni tonttu",アルバム
Japonesque,Japonism,2015,,"作詞：MiNE, R.P.P / 作曲：sk-etch, MiNE / 編曲：ha-j, sk-etch",アルバム
日本よいとこ摩訶不思議,Japonism,2015,少年隊 カバー,作詞・作曲：野村義男 / 編曲：佐々木博史,アルバム
僕らがつないでいく,Japonism,2015,,"作詞：SQUAREF, John World / 作曲：Pippi Svensson, Josef Melin / 編曲：BJ Khan",アルバム
the Deep End,Japonism,2015,,"作詞：100+ / 作曲：STEVEN TEE, Drew Ryan Scott, Andreas Oberg / 編曲：A.K.Janeway",アルバム
Make a wish,Japonism,2015,,"作詞：いなむらさちこ / 作曲：sk-etch, Shu Kanematsu, BEAT, ROLF / 編曲：佐々木博史",アルバム
ふるさと,Japonism,2015,第63回紅白歌合戦 イメージソング/第80回NHK全国学校音楽コンクール小学生の部 課題曲,作詞：小山薫堂 / 作曲：youth case / 編曲：宮野幸子,アルバム
復活LOVE,復活LOVE | Are You Happy?,2016,NTTドコモdヒッツ CMソング,作詞：竹内まりや / 作曲・編曲：山下達郎,シングル
affection,復活LOVE,2016,,作詞・作曲：nobby / 編曲：佐々木博史,カップリング
愛のCollection,復活LOVE,2016,,作詞：paddy / 作曲：Chris Meyer / 編曲：吉岡たく,カップリング
Bang Bang,復活LOVE,2016,,"作詞：100+ / 作曲：Robert Hanna, Ninos Hanna, Jeppe Reil, Thomas Reil / 編曲：石塚知生",カップリング
Are you ready now?,復活LOVE,2016,,作詞：みうらともかず / 作曲・編曲：Jeremy Hammond,カップリング
I seek,I seek/Daylight | Are You Happy?,2016,日本テレビ系ドラマ「世界一難しい恋」主題歌,作詞：ASIL / 作曲：AKJ & ASIL / 編曲：石塚知生,シングル
Daylight,I seek/Daylight | Are You Happy?,2016,TBS系ドラマ「99.9 刑事専門弁護士」主題歌,"作詞：stereograph / Rap詞：櫻井翔 / 作曲：Simon Janlov, wonder note / 編曲：佐々木博史",シングル
ただいま,I seek/Daylight,2016,「ARASHI “Japonism Show” in ARENA」テーマ曲,作詞：paddy / 作曲：Kehn mind / 編曲：metoropolitan digital clique,カップリング
supersonic,I seek/Daylight,2016,,"作詞：100+ / Kevin Charge, David Fremberg, youth case / 編曲：吉岡たく",カップリング
Power of the Paradise,Power of the Paradise | 「untitled」,2016,日本テレビ系 リオデジャネイロ2016 テーマソング,作詞：paddy / 作曲：nobby / 編曲：ha-j,シングル
花,Power of the Paradise,2016,,"作詞：小川貴史 / 作曲：Justin Reinstein, wonder note / 編曲：佐々木博史",カップリング
DRIVE,Are You Happy?,2016,under the supervision of Jun M.,作詞：Macoto56 / 作曲・編曲：Jeremy Hammond,アルバム
Ups and Downs,Are You Happy?,2016,,"作詞：市川喜康 / 作曲：Joe Lawrence, Trevor Ingram / 編曲：pieni tonttu",アルバム
青春ブギ,Are You Happy?,2016,under the supervision of Masaki A.,作詞：paddy / 作曲：Soul-273 / 編曲：ha-j,アルバム
WONDER-LOVE,Are You Happy?,2016,under the supervision of Kazunari N.,"作詞：KOU& / 作曲・編曲：Erik Lidbom, Jon Hällgren",アルバム
Miles away,Are You Happy?,2016,under the supervision of Satoshi O.,作詞：100+ / 作曲：R.P.P / 編曲：metropolitan digital clique,アルバム
To my homies,Are You Happy?,2016,under the supervision of Sho S.,作詞：BASI / Rap詞：櫻井翔 / 作曲・編曲：韻シスト,アルバム
Don't You Get It,Are You Happy?,2016,日立ロボットクリーナー「ミニマル」CMソング,"作詞：KOU& / 作曲：Didrik Thott, Christian Fast, Henrik Nordenback / 編曲：吉岡たく, 佐々木博史",アルバム
TWO TO TANGO,Are You Happy?,2016,,"作詞：HARAJUKU KIDZ / Rap詞：櫻井翔 / 作曲：Kevin Charge, Andreas Öberg, HARAJUKU KIDS / 編曲：metropolitan digital clique",アルバム
I'll be there,I'll be there | 「untitled」,2017,フジテレビ系ドラマ「貴族探偵」主題歌,"作詞：Goro.T / 作曲：Fredrik”Figge”Bostrom, 佐原康介 / 編曲：佐原康介, metropolitan digital clique",シングル
Round and Round,I'll be there,2017,,"作詞：Funk Uchino / 作曲：Christofer Erixon, Josef Melin / 編曲：Josef Melin",カップリング
unknown,I'll be there,2017,,"作詞：Macoto56 / Rap詞：櫻井翔 / 作曲：AI Swettenham, HIKARI / 編曲：吉岡たく",カップリング
Treasure of life,I'll be there,2017,,"作詞：Tutti / 作曲：Erik Lidbom, Simon Janlöv / 編曲：Simon Janlöv",カップリング
つなぐ,つなぐ | 「untitled」,2017,映画「忍びの国」主題歌,"作詞：paddy / 作曲：Peter Nord, Kevin Borg / 編曲：Peter Nord, 佐々木博史",シングル
お気に召すまま,つなぐ,2017,,"作詞：WINESS / 作曲：Justin Reinstein, Saw Arrow / 編曲：Justin Reinstein",カップリング
Reach for the sky〜天までとどけ〜,つなぐ,2017,JAL「先得キャンペーン2017」 CMソング,"作詞：RUCCA / 作曲：Simon Janlöv, Funk Uchino / 編曲：藤間仁",カップリング
抱きしめたい,つなぐ,2017,,"作詞：IROCO-STAR / 作曲：Simon Janlöv, Mr.Mustard / 編曲：前口渉",カップリング
Under the radar,つなぐ,2017,,"作詞：市川喜康 / 作曲：Kevin Charge, Erik Lidbom / 編曲：Kevin Charge",カップリング
Green Light,「untitled」,2017,,"作詞：AKIRA, JUN / 作曲：Christofer Erixon, Josef Melin / 編曲：石塚知生",アルバム
「未完」,「untitled」,2017,,作詞：JUNE / Rap詞：櫻井翔 / 作曲：Josef Melin / 編曲：佐々木博史,アルバム
Sugar,「untitled」,2017,,"作詞：HIKARI / 作曲：iiiSAK, HIKARI / 編曲：iiiSAK",アルバム
ありのままで,「untitled」,2017,,"作詞：Atsushi Shimada, MiNE / 作曲：Christofer Erixon, Joakim Bjornberg, Atsushi Shimada / 編曲：Atsushi Shimada",アルバム
風雲,「untitled」,2017,,"作詞：IROCO-STAR / 作曲：Erik Lidbom, Simon Janlöv / 編曲：metropolitan digital clique",アルバム
抱擁,「untitled」,2017,,"作詞：ORI / Rap詞：櫻井翔 / 作曲：Victor Sagers, Peter Boyes, Caroline Gustavsson / 編曲：吉岡たく",アルバム
Pray,「untitled」,2017,,"作詞：IROCO-STAR / 作曲：Erik Lidbom, wonder note / 編曲：Erik Lidbom",アルバム
光,「untitled」,2017,,"作詞：Komei Kobayashi / Rap詞：櫻井翔 / 作曲：久保田真吾, KOUDAI IWATSUBO, 佐々木久美 / 編曲：久保田真吾",アルバム
彼方へ,「untitled」,2017,,"作詞：RUCCA / 作曲：TAKAROT, iiiSAK / 編曲：TAKAROT, 河合英嗣",アルバム
Song for you,「untitled」,2017,組曲,"作詞：市川喜康 / 作曲：Simon Janlöv, wonder note, Kevin Charge, Erik Lidbom, SHIROSE, 山下康介 / 編曲：山下康介 ",アルバム
バズりNIGHT,「untitled」,2017,相葉雅紀・大野智・櫻井翔,"作詞：多田慎也 / 作曲：A.K.Janeway, 多田慎也 / 編曲：A.K.Janeway",アルバム
夜の影,「untitled」,2017,松本潤・二宮和也・大野智,"作詞：Funk Uchino / 作曲：MLC, Soma Genda / 編曲：Soma Genda, Captain B",アルバム
UB,「untitled」,2017,相葉雅紀・二宮和也,"作詞：ASIL / 作曲：Samuel Waermo, Stefan Ekstedt, Didrik Thott / 編曲：佐々木博史 ",アルバム
Come Back,「untitled」,2017,松本潤・櫻井翔,作詞・作曲・編曲：田中直 / Rap詞：櫻井翔,アルバム
カンパイ・ソング,「untitled」,2017,,作詞：halmelnuts / 作曲：Kehn mind / 編曲：河合英嗣,アルバム
Doors〜勇気の軌跡〜,Doors〜勇気の軌跡〜,2017,日本テレビ系ドラマ「先に生まれただけの僕」主題歌,"作詞：RUCCA / 作曲：Simon Janlöv, Saw Arrow / 編曲：吉岡たく",シングル
Winter days,Doors〜勇気の軌跡〜,2017,,"作詞：今井了介 / 作曲・編曲：今井了介, Tasuku Maeda",カップリング
NOW or NEVER,Doors〜勇気の軌跡〜,2017,ガンホー「パズル&ドラゴンズ」CMソング,"作詞：wonder note / 作曲：Kevin Charge, wonder note / 編曲：前口渉",カップリング
Perfect Night,Doors〜勇気の軌跡〜,2017,,作詞：Macoto56 / 作曲・編曲：Chris Meyer,カップリング
BORDER,Doors〜勇気の軌跡〜,2017,,作詞：ASIL / 作曲・編曲：HIKARI,カップリング
Find The Answer,Find The Answer,2018,TBS系ドラマ「99.9 刑事専門弁護士 SEASON Ⅱ」主題歌,"作詞：HIKARI / 作曲：7th Avenue, HIKARI / 編曲：metropolitan digital clique",シングル
街角の恋人たち,Find The Answer,2018,,"作詞：Goro.T / 作曲：Kevin Charge, Ricky Hanley, Carlos Okabe, Saw Arrow / 編曲：石塚知生",カップリング
Circle,Find The Answer,2018,,"作詞：paddy / 作曲：今井了介, Tasuku Maeda / 編曲：吉岡たく",カップリング
Bounce Beat,Find The Answer,2018,,"作詞：IROCO-STAR / 作曲：Henrik Nordenback, Christian Fast, Samuel Waermo / 編曲：Henrik Nordenback",カップリング
白が舞う,Find The Answer,2018,日本テレビ系「ピョンチャン2018」テーマソング,"作詞：Funk Uchino / 作曲：Erik Lidbom, eltvo / 編曲：Erik Lidbom",カップリング
夏疾風,夏疾風,2018,2018 ABC夏の高校野球応援ソング/「熱闘甲子園」テーマソング,作詞・作曲：北川悠仁 / 編曲：K Project,シングル
After the rain,夏疾風,2018,,"作詞・作曲：Nai-T / 編曲：Nai-T, metropolitan digital clique",カップリング
Midsummer Night's Lover,夏疾風,2018,,"作詞：ASIL / 作曲：Erik Lidbom, Mr.Mustard / 編曲：Erik Lidbom",カップリング
Sparkle,夏疾風,2018,,"作詞：IROCO-STAR / 作曲：Josef Melin, Christofer Erixon / 編曲：Josef Melin",カップリング
君のうた,君のうた,2018,テレビ朝日系ドラマ「僕とシッポと神楽坂」主題歌,"作詞：ASIL / 作曲：多田慎也, A.K.Janeway / 編曲：佐々木博史",シングル
White On White,君のうた,2018,,作詞：IROCO-STAR / 作曲・編曲：Josef Melin,カップリング
Sky Again,君のうた,2018,JAL「Fly for it!」キャンペーンソング,作詞：Goro.T / 作曲・編曲：Erik Lidbom,カップリング
Fake it,君のうた,2018,,"作詞：HIKARI / 作曲：Kevin Charge, HIKARI / 編曲：Kevin Charge",カップリング
Count on me,君のうた,2018,,"作詞：Funk Uchino / 作曲：Erik Lidbom, Saori Tsuchiya / 編曲：石塚知生",カップリング
5×20,5×20 All the BEST!! 1999-2019,2019,,作詞：嵐 / Rap詞：櫻井翔 / 作曲：youth case / 編曲：ha-j,アルバム
BRAVE,BRAVE,2019,ラグビーワールドカップ2019日本大会(日本テレビ系)イメージソング,作詞：Goro.T / Rap詞：櫻井翔 / 作曲：Fredrik “Figge” Bostrom / 編曲：石塚知生,シングル
Turning Up,Turning Up | This is 嵐,2019,デジタルシングル,"Written by Andreas Carlsson, Erik Lidbom, Funk Uchino / Rap by Sho Sakurai / Produced by Erik Lidbom, Andreas Carlsson / Track production by Erik Lidbom / Additional track production by Geek Boy Al Swettenham",シングル
A-RA-SHI : Reborn,A-RA-SHI : Reborn | Reborn Vol.1 | This is 嵐,2019,デジタルシングル,"Written by J&T, Koji Makaino, Andreas Carlsson, Erik Lidbom, Sho Sakurai, Geek Boy Al Swettenham",シングル
Turning Up (R3HAB Remix),Turning Up (R3HAB Remix) | This is 嵐,2020,デジタルシングル,"Written by Andreas Carlsson, Erik Lidbom, Funk Uchino, Sho Sakurai / Track produced by Erik Lidbom / Remixed by R3HAB",シングル
a Day in Our Life : Reborn,Reborn Vol.1 | This is 嵐,2020,デジタルEP,"Written by SHUN, SHUYA, Andreas Carlsson, Geek Boy Al Swettenham, Sho Sakurai",アルバム
One Love : Reborn,Reborn Vol.1 | This is 嵐,2020,デジタルEP,"Written by youth case, Yusuke Kato, Andreas Carlsson, Erik Lidbom",アルバム
Love so sweet : Reborn,Love so sweet : Reborn | This is 嵐,2020,デジタルシングル,"Written by SPIN, youth case, Ellen Shipley / Produced by Afterhrs",シングル
Face Down : Reborn,Face Down : Reborn | This is 嵐,2020,デジタルシングル,"Written by eltvo, Albi Albertsson, Royce.H, Vincent Stein, Konstantin Scherer, Ellen Shipley / Produced by BloodPop, Tom Norris",シングル
IN THE SUMMER,IN THE SUMMER | This is 嵐,2020,デジタルシングル,"Written by Rami Yacoub, Gregory Hein, Funk Uchino / Produced by Rami Yacoub for MXM Productions",シングル
カイト,カイト | This is 嵐,2020,NHK2020ソング,作詞・作曲・編曲：米津玄師 / オーケストラ編曲：坂東祐大,シングル
Journey to Harmony,カイト,2020,天皇陛下御即位奉祝曲「Ray of Water」第3楽章,作詞：岡田惠和 / 作曲・編曲：菅野よう子,カップリング
Sounds of Joy,カイト,2020,,"作詞：Funk Uchino / 作曲：川口進, Andreas Ohrn, Henrik Smith, 佐原康太 / 編曲：石塚知生",カップリング
僕らの日々,カイト,2020,,作詞・作曲：Na-T / 編曲：佐々木博史,カップリング
Whenever You Call,Whenever You Call,2020,デジタルシングル,"Written by Bruno Mars, D'Mile / Produced by Bruno Mars, D'Mile",シングル
Party Starters,Party Starters | This is 嵐,2020,デジタルシングル / ソフトバンク5Gプロジェクト CMソング,"Written by Sam Hollander, Grant Michaels, Funk Uchino / Rap by Sho Sakurai / Produced by Sam Hollander, Grant Michaels",シングル
SHOW TIME,This is 嵐,2020,,"Written by AKIRA, Singo Kubota, Satoru Kurihara",アルバム
I Can't Wait For Christmas,This is 嵐,2020,,"Lyrics by miwaflower / Music by DWB, Mike Macdermid, Julie Morrison / Arranged by Hirofumi Sasaki",アルバム
いつか秒針のあう頃,This is 嵐,2020,,"Written by Rami Yacoub, Shiho Otowa / Rap by Sho Sakurai / Produced by Rami Yacoub for MXM Productions",アルバム
Do you...?,This is 嵐,2020,,"Lyrics by Atsushi Shimada, MiNE / Rap by Sho Sakurai / Music by Takuya Harada, MiNE, Atsushi Shimada / Arranged by Tomoki Ishizuka",アルバム
The Music Never Ends,This is 嵐,2020,,"Written by Julian Bunetta, John Ryan, Funk Uchino /  Produced by Julian Bunetta",アルバム